{"accurate": [5.979675498091915, 6.089183679415199], "asymptotic": [5.515177189751708, 6.275439665429518], "bootstrap": [5.662176753547093, 6.124911662228419]}