{"mode": [1.1963265748383891, 10.547722962232715, 1.4302120556075815, 0.4310999138684908, 1.507041551202451, 0.7422316361403618, 1.3634163574101965, 0.7935272304479639, 0.388550155907973, 0.5589286555039676, 1.8307807814202268, 0.5960880554985732, 0.764414157684282, 0.5741823656464432, 0.10085696858191619, 0.44221695461172417, 0.15964035593771256, 0.013106603896850559, 0.16224681617474282, 1.4568965097486637, 0.4546528141717412, 3.1896770285525284, 0.30900080283025366, 1.7187963332167415, 0.11581639596741047], "median": 0.5960880554985732, "range": 10.534616358335864, "skewness": 3.8444541337273113}